relative_path,size_bytes,sha256
.gitignore,176,f547b0c257a433274876446a53b73817804fde3d371cf9c3617375ca78af49d8
.zenodo.json,1656,8de8953478c42813e2867750280ea56288f45d1649bfbc801eb161879573e7de
CITATION.cff,578,3aee0af24fc3b892f51e12d5bc28443f3a42143e1b3e9d59d5aa38826b2d3e94
CODE_AVAILABILITY.md,629,ee59422b086f82f31e469cd7ab2b087b071f9e758185653dbc6f5a176c963583
DATA_AVAILABILITY.md,1059,0a2913046ef18b6f70c36871d2d82899a36d1f90588ebde4c384ee0c44638781
LICENSE,1043,8eb749fec20e85c59f2c5263c396cd8951c68190280af5c0154b177c99abe832
LICENSE_CODE_MIT.txt,747,1603fe8006e405821bede297855db47a4a2092d2a080c8a83a0d538f42f3f7fc
LICENSE_CONTENT_NOTICE.md,690,06ccd58cd41b50ad8260b20da1dc7ac226a65dd1433d0f1afb1da03ed88732e1
README.md,2208,42c09cafe10b435d7ca6de07747698d5b0d6d1f52b360692808ccd82ef885817
REPOSITORY_UPLOAD_CHECKLIST.md,842,43ed5ac59cb26e8306b7682eb7a7482fee52be05e1913a180eccb6aeced26c06
analysis/README_analysis.md,1023,676c4330e714ed509df1e36b7b35bc23e68756233b4f864016208bc4b65ce5b0
analysis/scripts/00_extract_javelin_s13.py,1459,f340a122a78e0e3cbfc262923e1e5f0e198caf14a909d37fbeb0a9c95d645ea6
analysis/scripts/10_v18h_matched_negative_control.R,24758,36afd881b66d06336d63d1d27ff62b8b3dcb8b8915f47f43e79ca992751de6a6
analysis/scripts/README_scripts.md,1106,7d001608fca9a48f10b539b74d40b853761df0bb73ba7196a89d4526f3cc8c4f
checks/verify_repository_integrity.py,1086,2d8a241d78bb6c32d7fb3c10afb25e212651a1e4548c4d6e968c2425f5d8811f
checks/verify_repository_integrity.sh,77,fbc2bea1bd3cafb17e8def6647e800b248214f6cf5e9bea132301957ae0a2667
data_source_notes/CheckMate_data_source_notes.md,226,bb8e0886ef4ee001ba7121f896ef92102eef97c20c4e86e081ae98eee3b165e8
data_source_notes/DATA_SOURCE_REGISTER.csv,1310,6de759eb4b944595532c12a1287a694f8eb6f5465f4459faab62d1340960afbb
data_source_notes/IMmotion150_data_source_notes.md,245,25e69776906728593f9164122c9f3f5ded5daa6c94ccee3c3ce85e37f5b29617
data_source_notes/JAVELIN_data_source_notes.md,256,6a8747b80cbbef18bf52abd170a6e1c32cba6ec9382fb719560391a18ff83440
data_source_notes/KEYNOTE_CLEAR_9ER_nonavailability_notes.md,321,600cbc814f134481e2f48b5f1960f0645965f31cd6870fadcf7347123d13dff1
data_source_notes/THIRD_PARTY_DATA_REDISTRIBUTION_POLICY.md,795,696993aff50aec8afe5fbe8bd7a9c56d7e26c6f02a52edb300b949d0ffad20d7
derived_outputs/audit_reports/V10_FORENSIC_AUDIT_REPORT.md,6628,45d55501b69349fac685f24387ae66a1ed52189a149fad1482b0fa40009da42c
derived_outputs/audit_reports/V19A_SUPPLEMENTARY_CONSISTENCY_PATCH_REPORT.md,2067,5294c64d7a9d217b5ff36b97511039c2fcb1723dac44dbc89c8f1a346fe788f0
derived_outputs/audit_reports/V19C_SUPPLEMENTARY_MINOR_PATCH_REPORT.md,1848,386f2b1da3e654596023f7a8806508fc67f6aa269d8b9d1d41c183014cffe53c
derived_outputs/audit_reports/V21B_CHECKS.csv,818,0153caae2b7d993e6ed2e1094b589fc870f5fd6a62f27335713a56e45872d1e1
derived_outputs/audit_reports/V21B_ISSUE_RESPONSE_PATCH_REPORT.md,2472,816b813126dc89da5decbbe98befe06d963e141d4db44174d4241573858bc974
derived_outputs/audit_reports/V21B_STATUS.csv,480,1a959e57853a8b3fb26071d4d8529e01b45c2e9ad902dc2b793b75df2cd3446f
derived_outputs/audit_reports/V9_1_PACKAGING_FIX_REPORT.md,1878,82a8458cfbaff9bd7e8dcdd2e65bbd617da4de0a4a3dc6983cc94eb2fd77450e
derived_outputs/matched_negative_control/01_expression_scale_and_gene_pool_qc.csv,6582475,89a994dcb627d28c1e55e7588ecfa90e450c6c197ba1456682239bf94c1e8c4e
derived_outputs/matched_negative_control/02_matched_pool_qc.csv,320,2e14294fdb2a3737ef4e8a66cf1aa864dcf7255c9297595d304b4c2033820bd6
derived_outputs/matched_negative_control/03_random_set_generation_summary.csv,112,50e9e505724c892d375d33bca5c6892646dc05cb1b84f69c348a2a6691ecf4cd
derived_outputs/matched_negative_control/04_immotion150_matched_negative_control.csv,963724,c2be617ba72fdbe81b89ba7b67e3ed0924d530c8b250a336d4aa2f50b24fabe4
derived_outputs/matched_negative_control/05_javelin_matched_negative_control.csv,920888,9d3c4a4a24d2d068e58ba28015822e843fc171fc105bd53e4338c6123ed94a91
derived_outputs/matched_negative_control/06_matched_negative_control_summary.csv,797,bb2b0b41849f9b31660f195e739a79699220ff00035cbe2c62c3d14c98fe2d2b
derived_outputs/matched_negative_control/07_matched_negative_control_summary.md,1083,e7dc204d529b81528ea64226293a4d8f5d1b637d653266731869bd538207dba5
derived_outputs/matched_negative_control/08_manuscript_wording_patch_suggestions.md,2078,522cd771428ad0dfa0b777b0d7ecde3b395c2dcbe6926ea3a7f8d10cb3242c9e
derived_outputs/matched_negative_control/09_V18H_MATCHED_NEGATIVE_CONTROL_REPORT.md,7829,ac9aba90ebccc29315b6340bce41c5f5427d60ecf3ab94f5c2102c7061d90ddb
docs/02_biomarker_evaluable_subset_audit.md,4736,94b5590429c2c1f5f83076ba6da0bfa83efe138428a81e9957c10d8467427e08
docs/03_endpoint_harmonization_table.md,3018,91b089dde86b33a193d4615dbebe8a184a4b77fa349dae800474a027eac3825b
docs/04_literature_triangulation_summary.md,1982,472ee0dbea7a3f79d2f46bb4e98ee67bd8bf7a2a99ef31e5b3df2b2cc7a20fd9
docs/06_SAP_v1_0_LOCKED.md,8018,3a6583ff364c5154b539250eecba46672ba2d4e6dd87ebd5c9efc790e3426d7e
docs/07_MASTER_RESULTS_TABLE_LOCKED.csv,7216,ca5357a202dbf15f7b274f3ebe445b753a7b564f46e81dbae12ebaccc51c8c4e
docs/07_MASTER_RESULTS_TABLE_LOCKED.md,4799,6aaa31b32d3518d9847ed000990d4319a606ec960361cf5b5b9a383ff298e9c7
docs/08_CLAIMS_LEDGER_LOCKED.md,5002,df57e809805fdb3d1b2cbe24ff728c0e1a6b43aa7f943ca0051447e682d17245
docs/09_FORBIDDEN_CLAIMS_LOCKED.md,5336,e1aa65230b735c11d6e2af683cd94dac1ee0e51a063ff0774a73da2607e75a29
docs/11_REVIEWER_ATTACK_RESPONSE_TABLE.md,16431,8e85ec3182c7ad032ddf2e027710aa1e91cbc16ff052230f3d7b090f32f79850
docs/12_REPORTING_CHECKLIST_DRAFT.md,5367,e972ac272d15e279f6c67102c48a63c650c4eaabdf5ad6b04ef188f2ac4268f1
docs/13_REPRODUCIBILITY_MANIFEST.csv,18490,ea2da01eb2ece2af0269f2bc9aa0a7ecbff158a3bbc77a55cb497999230799a4
docs/13_REPRODUCIBILITY_MANIFEST.md,2693,8eba823c45ea411899efb496311537d0c5262751a04df1dbc33afee7598119b5
docs/14_V9_MANUSCRIPT_HARDENING_REPORT.md,6027,73d28bf49c91e0c94ff5dc3997967ec1224958a43f735bddacb1a5939d94f723
manifests/DO_NOT_UPLOAD_LIST.md,736,f5268affc59aa9916ed328731596d0e8f1dea6a4e328f9f37551e51161a0140b
manifests/V21D_REPOSITORY_FINAL_AUDIT_REPORT.md,1293,7a2cc180c921cfff160b1cb80548f7e27833afcf66f7eb2ae4fa73b2c027671b
manifests/V21E_METADATA_REPRODUCIBILITY_PATCH_REPORT.md,1321,4fec59470b6ac4201016d5481695d8a05f50140013db931fed27801665ce343a
manifests/V21F_RELEASE_READINESS_PATCH_REPORT.md,1449,9f8b94b41ee9d3003def3b9053565a09ea18a659338f774560ccce9ee90e0dc5
supplementary_tables/Table_S10_matched_random_gene_candidate_pools.csv,320,2e14294fdb2a3737ef4e8a66cf1aa864dcf7255c9297595d304b4c2033820bd6
supplementary_tables/Table_S11_predictive_vs_prognostic_within_arm_results.csv,561,c68fa5660f2983b4d20c87ebc41b052a818164f36d69cd4a6e8ae421bd0bde63
supplementary_tables/Table_S12_comparable_synthesis_and_Bayesian_support.csv,1713,4db988a78ea75898d9c67087e487ec1e45f42e75a1584d6f0c2c98ab3af08423
supplementary_tables/Table_S13_construct_validity_summary.csv,598,f1b9ea9654e87f7977299207bcc05241980da77ed454e2e05b88046724e4d332
supplementary_tables/Table_S14_vibration_of_effects_summary.csv,341,109aafaade6f44678b4a857f78e527b46b556738da9d281231ca309bef681309
supplementary_tables/Table_S15_existing_signature_benchmark_summary.csv,362,e23f47a9ab6b64c5e0db68acdfda90609d438addf1efe0c2828f3180fd6356a7
supplementary_tables/Table_S16_CheckMate_contextual_boundary_results.csv,907,c29a083c9ddf8c48578f1511b97ff97cb9756559a5dce801958339827c439d93
supplementary_tables/Table_S17_claims_and_forbidden_claims_summary.csv,2424,f33efbce812c1f3aa99d3b6d0a304b0fcbc2223d6bd452bcb63768ec09a53275
supplementary_tables/Table_S18_reproducibility_materials_and_source_data_availability_notes.csv,1128,8f9677c2e55122826608a34d2176cd85b3e7615b71bdbc8b7465933ce281ebcb
supplementary_tables/Table_S1_data_sources_and_dataset_roles.csv,1852,fbc06e1d4206b797c0295b26e89c33c0ddfc8b1a785a501a7c6fa0b57c653444
supplementary_tables/Table_S2_endpoint_harmonization.csv,2609,0acd7a675bb4713d00f3edc1a4f2267d5ee16a81165ff9108136dbd3c4cd2c37
supplementary_tables/Table_S3_Teffector_score_definition_and_construction.csv,1087,caf7f7fcb627de2ee4ce9f75102a5f7875516bf91716bface614a9c9edb31ac4
supplementary_tables/Table_S4_biomarker_evaluable_subset_audit.csv,2403,6a5477dc99d3ad6dc8d743b987600adaed324571dcf83564ec79fa332ae1c175
supplementary_tables/Table_S5_locked_primary_and_supportive_results.csv,2748,987493e84cf1981854eafcf63e4423ab6cd1285d36f959c8a7b5c46c6cd99f93
supplementary_tables/Table_S6_RMST_high_low_high_minus_low_by_trial.csv,3334,658defb4f610646dbacfb38d506d93fd577232859e79d3603ea03dcd2d0b9257
supplementary_tables/Table_S7_IMmotion150_falsification_and_negative_controls.csv,834,c130570f827655b07d5e613a0f5f78e336551fe3ee1525c86a67a1654e4e3679
supplementary_tables/Table_S8_JAVELIN_external_support_and_RMST_completeness.csv,1394,33950d869449b017db9595fb73c45a1e8ea2447da07f4d3423af896ac425a46f
supplementary_tables/Table_S9_JAVELIN_negative_control_benchmarks.csv,592,5d5159da9f75d3b254f5c6db34f9d029f4d58f4b573bc5215897e3c7296314ee
